{"cameraMode":{"drawMode":0,"name":"Shaded","section":"Shading Mode"},"sceneLighting":false,"audioPlay":false,"sceneViewState":{"m_AlwaysRefresh":false,"showFog":true,"showSkybox":false,"showFlares":true,"showImageEffects":true,"showParticleSystems":true,"showVisualEffectGraphs":true,"m_FxEnabled":true},"in2DMode":false,"pivot":{"x":1.5868154764175416,"y":-0.7067154049873352,"z":-24.05096435546875},"rotation":{"x":0.0008666263311170042,"y":0.9989989399909973,"z":-0.0401909239590168,"w":0.021283261477947236},"size":14.62950325012207,"orthographic":false}